School Name,total_ca,ca_drop_rate,ca_late_drop_rate,avg_days_to_drop,ca_low_utilization_rate,avg_participating_per_ca,school_enrollment_cv,is_lea_partner,risk_final,risk_cluster,attrition_rate,survival_rate
School1,8,0.0,0.0,,0.0,17.0,0.1507929192384532,True,Low,Medium,0.07969328305818302,0.920306716941817
School10,1,0.0,0.0,,0.0,10.0,0.0,True,Low,Medium,0.07969328305818302,0.920306716941817
School100,9,0.3333333333333333,0.0,80.0,0.0,11.88888888888889,0.8735567826717882,True,Low,Medium,0.07969328305818302,0.920306716941817
School101,13,0.07692307692307693,0.0,,0.0,18.846153846153847,0.35052961775295366,True,Low,Medium,0.07969328305818302,0.920306716941817
School102,4,0.5,1.0,-80.5,0.0,4.75,1.3020330813459808,True,High,High,0.6510514022236058,0.3489485977763942
School103,2,0.0,0.0,,0.0,6.0,0.23570222111181233,True,Medium,Medium,0.25889545495770705,0.741104545042293
School104,4,0.5,0.0,56.0,0.0,4.0,0.9128707009576016,True,High,High,0.6510514022236058,0.3489485977763942
School105,8,0.125,1.0,12.0,0.0,16.75,0.58820792731753,True,Medium,High,0.25889545495770705,0.741104545042293
School106,5,0.4,0.0,85.5,0.0,6.6,0.9854309138140493,True,Medium,High,0.25889545495770705,0.741104545042293
School107,12,0.5,0.16666666666666666,88.25,0.0,12.083333333333334,1.0506571652251002,True,Medium,High,0.25889545495770705,0.741104545042293
School108,2,0.0,0.0,,0.5,5.0,0.2828426559060878,True,High,Low,0.6510514022236058,0.3489485977763942
School109,2,0.5,0.0,,0.0,12.5,0.5091168417249669,True,Medium,Medium,0.25889545495770705,0.741104545042293
School11,1,0.0,0.0,,0.0,23.0,0.0,True,Low,Medium,0.07969328305818302,0.920306716941817
School110,2,0.0,0.0,,0.5,5.0,0.2828426559060878,True,High,Low,0.6510514022236058,0.3489485977763942
School111,2,0.5,0.0,61.0,0.0,7.5,1.4142133738113118,True,Medium,High,0.25889545495770705,0.741104545042293
School112,1,0.0,0.0,,0.0,25.0,0.0,True,Low,Medium,0.07969328305818302,0.920306716941817
School113,2,0.0,0.0,,0.0,21.0,0.13468699952662813,True,Low,Medium,0.07969328305818302,0.920306716941817
School114,1,0.0,0.0,,0.0,9.0,0.0,True,Low,Medium,0.07969328305818302,0.920306716941817
School115,1,1.0,1.0,-392.0,0.0,0.0,0.0,True,High,High,0.6510514022236058,0.3489485977763942
School116,2,0.5,0.0,54.0,0.0,9.0,1.4142134052382724,True,Medium,High,0.25889545495770705,0.741104545042293
School117,4,0.5,0.5,6.5,0.0,7.0,1.1780300104579016,True,High,High,0.6510514022236058,0.3489485977763942
School118,1,1.0,1.0,-80.0,0.0,0.0,0.0,True,High,High,0.6510514022236058,0.3489485977763942
School119,6,0.0,0.0,,0.0,11.833333333333334,0.12439098760537917,True,Low,Medium,0.07969328305818302,0.920306716941817
School12,6,0.0,0.0,,0.0,14.0,0.2555506077463612,True,Low,Medium,0.07969328305818302,0.920306716941817
School120,14,0.2857142857142857,0.5,43.0,0.14285714285714285,7.071428571428571,0.9741785111171095,True,High,High,0.6510514022236058,0.3489485977763942
School121,2,0.5,0.0,62.0,0.0,12.0,1.4142134445219747,True,Medium,High,0.25889545495770705,0.741104545042293
School122,6,0.3333333333333333,0.0,68.5,0.0,14.0,0.809383683570611,True,Low,Medium,0.07969328305818302,0.920306716941817
School123,5,0.2,0.0,,0.0,16.8,0.6646973068700949,True,Low,Medium,0.07969328305818302,0.920306716941817
School124,1,0.0,0.0,,0.0,21.0,0.0,True,Low,Medium,0.07969328305818302,0.920306716941817
School125,7,0.14285714285714285,1.0,21.0,0.0,11.714285714285714,0.5067460394159047,True,Medium,High,0.25889545495770705,0.741104545042293
School126,4,0.25,1.0,24.0,0.0,12.5,0.7770027263375668,True,Medium,High,0.25889545495770705,0.741104545042293
School127,25,0.04,0.0,60.0,0.0,18.36,0.3331208410372263,True,Low,Medium,0.07969328305818302,0.920306716941817
School128,6,0.5,0.3333333333333333,73.66666666666667,0.0,9.0,1.1374651084656304,False,Medium,High,0.25889545495770705,0.741104545042293
School129,2,0.0,0.0,,0.0,45.5,0.9479892902063761,True,Medium,Medium,0.25889545495770705,0.741104545042293
School13,11,0.09090909090909091,0.0,,0.0,16.727272727272727,0.39027640432062943,True,Low,Medium,0.07969328305818302,0.920306716941817
School130,4,0.0,0.0,,0.0,15.75,0.39946211406964094,True,Low,Medium,0.07969328305818302,0.920306716941817
School131,17,0.17647058823529413,0.0,78.66666666666667,0.0,19.0,0.4968738577566182,True,Low,Medium,0.07969328305818302,0.920306716941817
School132,12,0.08333333333333333,0.0,,0.0,18.166666666666668,0.34322671740818317,True,Low,Medium,0.07969328305818302,0.920306716941817
School133,35,0.11428571428571428,0.25,68.66666666666667,0.0,16.428571428571427,0.46877832136266,True,Low,Medium,0.07969328305818302,0.920306716941817
School134,7,0.2857142857142857,0.0,195.5,0.0,14.571428571428571,0.7130400946170785,True,Low,Medium,0.07969328305818302,0.920306716941817
School135,3,0.3333333333333333,1.0,-7.0,0.0,5.333333333333333,0.9437291274596323,True,High,High,0.6510514022236058,0.3489485977763942
School136,7,0.0,0.0,,0.14285714285714285,15.428571428571429,0.49056597483182035,True,Low,Medium,0.07969328305818302,0.920306716941817
School137,9,0.2222222222222222,0.0,61.5,0.0,18.22222222222222,0.6201327092372512,True,Low,Medium,0.07969328305818302,0.920306716941817
School138,4,1.0,0.0,141.5,0.0,0.0,0.0,True,High,High,0.6510514022236058,0.3489485977763942
School139,1,0.0,0.0,,1.0,2.0,0.0,True,High,Low,0.6510514022236058,0.3489485977763942
School14,10,0.2,0.0,59.0,0.0,17.4,0.6101464549691887,True,Low,Medium,0.07969328305818302,0.920306716941817
School140,4,0.0,0.0,,0.25,14.0,0.8390956632410764,True,Medium,Medium,0.25889545495770705,0.741104545042293
School141,8,0.25,0.0,55.0,0.0,12.625,0.6760073500940188,False,Low,Medium,0.07969328305818302,0.920306716941817
School142,7,0.42857142857142855,1.0,-105.0,0.0,15.142857142857142,0.9960017909453858,True,High,High,0.6510514022236058,0.3489485977763942
School143,2,0.0,0.0,,0.0,9.5,0.22329685476450398,True,Low,Medium,0.07969328305818302,0.920306716941817
School144,3,1.0,0.6666666666666666,27.333333333333332,0.0,0.0,0.0,True,High,High,0.6510514022236058,0.3489485977763942
School145,14,0.14285714285714285,0.5,18.0,0.0,16.357142857142858,0.5338320287390362,True,Medium,Medium,0.25889545495770705,0.741104545042293
School146,2,0.0,0.0,,0.0,22.5,0.031426966655981374,True,Low,Medium,0.07969328305818302,0.920306716941817
School147,9,0.1111111111111111,0.0,,0.0,16.22222222222222,0.4527547228410932,True,Low,Medium,0.07969328305818302,0.920306716941817
School148,2,0.0,0.0,,0.0,12.5,0.6222539176638484,True,Low,Medium,0.07969328305818302,0.920306716941817
School149,4,0.25,1.0,-80.0,0.0,16.0,0.7162546818037109,True,Medium,High,0.25889545495770705,0.741104545042293
School15,15,0.2,0.3333333333333333,19.0,0.06666666666666667,12.6,0.5784090681864267,True,Low,Medium,0.07969328305818302,0.920306716941817
School150,11,0.18181818181818182,0.5,24.0,0.0,13.181818181818182,0.5654835557641248,True,Medium,Medium,0.25889545495770705,0.741104545042293
School151,5,0.0,0.0,,0.0,11.6,0.18886983113369255,True,Low,Medium,0.07969328305818302,0.920306716941817
School152,2,1.0,1.0,-31.0,0.0,0.0,0.0,True,High,High,0.6510514022236058,0.3489485977763942
School153,4,0.0,0.0,,0.0,18.0,0.12001370996975427,True,Low,Medium,0.07969328305818302,0.920306716941817
School154,33,0.15151515151515152,0.0,74.4,0.0,12.787878787878787,0.5051854985332668,True,Low,Medium,0.07969328305818302,0.920306716941817
School155,17,0.29411764705882354,0.0,117.25,0.0,12.882352941176471,0.7444987509792119,True,Low,Medium,0.07969328305818302,0.920306716941817
School156,1,0.0,0.0,,0.0,14.0,0.0,True,Low,Medium,0.07969328305818302,0.920306716941817
School157,15,0.06666666666666667,0.0,111.0,0.0,13.733333333333333,0.4214203870950143,True,Low,Medium,0.07969328305818302,0.920306716941817
School158,2,1.0,0.0,136.0,0.0,0.0,0.0,True,High,High,0.6510514022236058,0.3489485977763942
School159,1,0.0,0.0,,0.0,29.0,0.0,True,Low,Medium,0.07969328305818302,0.920306716941817
School16,1,0.0,0.0,,0.0,58.0,0.0,True,Low,Medium,0.07969328305818302,0.920306716941817
School160,6,0.16666666666666666,1.0,-87.0,0.0,10.5,0.6281383191426801,True,Medium,High,0.25889545495770705,0.741104545042293
School161,1,0.0,0.0,,0.0,16.0,0.0,True,Low,Medium,0.07969328305818302,0.920306716941817
School162,2,1.0,0.5,37.5,0.0,0.0,0.0,True,High,High,0.6510514022236058,0.3489485977763942
School163,2,0.5,1.0,18.0,0.0,7.0,1.414213360342615,True,High,High,0.6510514022236058,0.3489485977763942
School164,12,0.3333333333333333,0.5,-17.333333333333332,0.0,7.916666666666667,0.8194314946414349,True,Medium,High,0.25889545495770705,0.741104545042293
School165,11,0.09090909090909091,1.0,20.0,0.0,27.727272727272727,0.6726187512747416,True,Medium,Medium,0.25889545495770705,0.741104545042293
School166,7,0.14285714285714285,0.0,264.0,0.0,18.571428571428573,0.5301928952903443,True,Low,Medium,0.07969328305818302,0.920306716941817
School167,14,0.0,0.0,,0.0,21.285714285714285,0.24475948553224525,True,Low,Medium,0.07969328305818302,0.920306716941817
School168,2,0.0,0.0,,0.5,5.0,0.2828426559060878,True,High,Low,0.6510514022236058,0.3489485977763942
School169,1,0.0,0.0,,1.0,4.0,0.0,True,High,Low,0.6510514022236058,0.3489485977763942
School17,8,0.125,0.0,53.0,0.0,11.75,0.5856725140222553,True,Low,Medium,0.07969328305818302,0.920306716941817
School170,9,0.3333333333333333,0.0,232.0,0.0,14.222222222222221,0.7780402268267574,True,Low,Medium,0.07969328305818302,0.920306716941817
School171,3,0.0,0.0,,0.3333333333333333,9.0,0.5091750206423132,True,Medium,Medium,0.25889545495770705,0.741104545042293
School172,1,0.0,0.0,,0.0,5.0,0.0,True,Medium,Medium,0.25889545495770705,0.741104545042293
School173,4,0.0,0.0,,0.0,12.25,0.2697173603169367,True,Low,Medium,0.07969328305818302,0.920306716941817
School174,2,0.0,0.0,,0.0,11.0,0.1285648576189307,True,Low,Medium,0.07969328305818302,0.920306716941817
School175,5,0.2,0.0,,0.0,18.2,0.3988723168285878,True,Low,Medium,0.07969328305818302,0.920306716941817
School176,7,0.14285714285714285,0.0,55.0,0.0,10.428571428571429,0.7527185675517589,True,Low,Medium,0.07969328305818302,0.920306716941817
School177,16,0.4375,0.42857142857142855,-24.8,0.1875,4.4375,0.9665431987100974,True,High,High,0.6510514022236058,0.3489485977763942
School178,6,0.0,0.0,,0.0,15.166666666666666,0.38988537634867265,True,Low,Medium,0.07969328305818302,0.920306716941817
School179,17,0.23529411764705882,1.0,-29.75,0.0,11.235294117647058,0.6969522880808925,True,Medium,High,0.25889545495770705,0.741104545042293
School18,4,0.0,0.0,,0.0,16.25,0.23767445155349973,True,Low,Medium,0.07969328305818302,0.920306716941817
School180,1,0.0,0.0,,0.0,20.0,0.0,True,Low,Medium,0.07969328305818302,0.920306716941817
School181,6,0.5,0.3333333333333333,2.5,0.16666666666666666,3.0,1.2292721845483234,True,High,High,0.6510514022236058,0.3489485977763942
School182,2,0.5,0.0,69.0,0.0,10.0,1.4142134209517532,True,Medium,High,0.25889545495770705,0.741104545042293
School183,2,1.0,0.5,0.0,0.0,0.0,0.0,True,High,High,0.6510514022236058,0.3489485977763942
School184,2,0.0,0.0,,0.0,30.0,0.09428090101550964,True,Low,Medium,0.07969328305818302,0.920306716941817
School185,1,0.0,0.0,,0.0,9.0,0.0,True,Low,Medium,0.07969328305818302,0.920306716941817
School186,1,0.0,0.0,,0.0,23.0,0.0,True,Low,Medium,0.07969328305818302,0.920306716941817
School187,2,0.0,0.0,,0.0,9.5,0.22329685476450398,True,Low,Medium,0.07969328305818302,0.920306716941817
School188,6,0.6666666666666666,0.25,38.333333333333336,0.0,5.0,1.549193028644361,True,High,High,0.6510514022236058,0.3489485977763942
School189,1,0.0,0.0,,0.0,21.0,0.0,True,Low,Medium,0.07969328305818302,0.920306716941817
School19,1,0.0,0.0,,0.0,13.0,0.0,True,Low,Medium,0.07969328305818302,0.920306716941817
School190,1,0.0,0.0,,0.0,7.0,0.0,True,Medium,Medium,0.25889545495770705,0.741104545042293
School191,1,0.0,0.0,,0.0,20.0,0.0,True,Low,Medium,0.07969328305818302,0.920306716941817
School192,8,0.125,0.0,119.0,0.0,18.25,0.42519375465920795,True,Low,Medium,0.07969328305818302,0.920306716941817
School193,1,0.0,0.0,,0.0,10.0,0.0,True,Low,Medium,0.07969328305818302,0.920306716941817
School194,7,0.2857142857142857,0.0,52.0,0.0,8.571428571428571,0.5589341056979423,True,Low,Medium,0.07969328305818302,0.920306716941817
School195,4,0.25,0.0,55.0,0.0,13.5,0.7169002501534617,True,Low,Medium,0.07969328305818302,0.920306716941817
School196,1,1.0,0.0,59.0,0.0,0.0,0.0,True,High,High,0.6510514022236058,0.3489485977763942
School197,1,0.0,0.0,,0.0,25.0,0.0,True,Low,Medium,0.07969328305818302,0.920306716941817
School198,1,0.0,0.0,,0.0,25.0,0.0,True,Low,Medium,0.07969328305818302,0.920306716941817
School199,6,0.16666666666666666,0.0,311.0,0.0,13.166666666666666,0.7163706521850932,True,Low,Medium,0.07969328305818302,0.920306716941817
School2,1,1.0,0.0,50.0,0.0,0.0,0.0,True,High,High,0.6510514022236058,0.3489485977763942
School20,8,0.0,0.0,,0.0,21.25,0.45119710121150636,True,Low,Medium,0.07969328305818302,0.920306716941817
School200,7,0.14285714285714285,0.0,,0.0,17.428571428571427,0.48102950522359267,True,Low,Medium,0.07969328305818302,0.920306716941817
School201,2,1.0,0.5,9.5,0.0,0.0,0.0,True,High,High,0.6510514022236058,0.3489485977763942
School202,26,0.038461538461538464,0.0,,0.0,17.307692307692307,0.32304720106126883,True,Low,Medium,0.07969328305818302,0.920306716941817
School203,3,0.3333333333333333,0.0,55.0,0.0,6.0,0.9279605724782415,True,Medium,High,0.25889545495770705,0.741104545042293
School204,1,0.0,0.0,,0.0,11.0,0.0,True,Low,Medium,0.07969328305818302,0.920306716941817
School205,2,1.0,1.0,-80.5,0.0,0.0,0.0,True,High,High,0.6510514022236058,0.3489485977763942
School206,5,0.2,1.0,-7.0,0.0,17.4,1.0476492282337713,True,High,High,0.6510514022236058,0.3489485977763942
School207,4,0.0,0.0,,0.0,17.5,0.1094202346338538,True,Low,Medium,0.07969328305818302,0.920306716941817
School208,10,0.5,0.8,37.6,0.0,10.8,1.2313227818081,True,High,High,0.6510514022236058,0.3489485977763942
School209,4,0.0,0.0,,0.0,25.0,0.0,True,Low,Medium,0.07969328305818302,0.920306716941817
School21,5,0.2,1.0,5.0,0.0,16.2,0.587879887207865,True,Medium,High,0.25889545495770705,0.741104545042293
School210,6,1.0,0.8333333333333334,-6.666666666666667,0.0,0.0,0.0,True,High,High,0.6510514022236058,0.3489485977763942
School211,7,0.7142857142857143,0.4,44.2,0.0,6.0,1.7186339689230072,True,High,High,0.6510514022236058,0.3489485977763942
School212,3,0.0,0.0,,0.0,19.333333333333332,0.38821826437483814,True,Low,Medium,0.07969328305818302,0.920306716941817
School213,1,1.0,1.0,-154.0,0.0,0.0,0.0,True,High,High,0.6510514022236058,0.3489485977763942
School214,3,0.0,0.0,,0.0,14.333333333333334,0.0805604970571224,True,Low,Medium,0.07969328305818302,0.920306716941817
School215,1,0.0,0.0,,0.0,19.0,0.0,True,Low,Medium,0.07969328305818302,0.920306716941817
School216,14,0.21428571428571427,0.0,130.5,0.0,13.357142857142858,0.7333060343500986,True,Low,Medium,0.07969328305818302,0.920306716941817
School217,2,0.0,0.0,,0.0,14.5,0.5364257970087052,True,Low,Medium,0.07969328305818302,0.920306716941817
School218,2,0.5,1.0,13.0,0.0,8.5,1.4142133959950485,True,High,High,0.6510514022236058,0.3489485977763942
School219,1,0.0,0.0,,0.0,14.0,0.0,True,Low,Medium,0.07969328305818302,0.920306716941817
School22,1,0.0,0.0,,0.0,6.0,0.0,True,Medium,Medium,0.25889545495770705,0.741104545042293
School220,6,0.6666666666666666,0.25,29.5,0.16666666666666666,3.3333333333333335,2.3056445542193695,True,High,High,0.6510514022236058,0.3489485977763942
School221,20,0.2,0.0,62.25,0.0,17.25,0.5808912116518261,True,Low,Medium,0.07969328305818302,0.920306716941817
School222,16,0.1875,0.3333333333333333,39.5,0.0,19.5625,0.4194471448497996,True,Low,Medium,0.07969328305818302,0.920306716941817
School223,16,0.1875,0.3333333333333333,36.5,0.0625,16.3125,0.6104543353066042,True,Low,Medium,0.07969328305818302,0.920306716941817
School224,8,0.0,0.0,,0.0,10.375,0.34918976745615354,True,Low,Medium,0.07969328305818302,0.920306716941817
School225,4,0.0,0.0,,0.0,18.25,0.27351558559498046,True,Low,Medium,0.07969328305818302,0.920306716941817
School226,2,0.0,0.0,,0.0,28.5,0.02481076338160646,True,Low,Medium,0.07969328305818302,0.920306716941817
School227,2,0.0,0.0,,0.0,15.0,0.8485280808553183,True,Low,Medium,0.07969328305818302,0.920306716941817
School228,8,0.125,0.0,,0.0,19.0,0.49612664114592475,True,Low,Medium,0.07969328305818302,0.920306716941817
School229,10,0.1,0.0,,0.1,16.0,0.5220818042924567,True,Low,Medium,0.07969328305818302,0.920306716941817
School23,1,0.0,0.0,,1.0,1.0,0.0,True,High,Low,0.6510514022236058,0.3489485977763942
School230,17,0.0,0.0,,0.0,12.294117647058824,0.48358208878979053,True,Low,Medium,0.07969328305818302,0.920306716941817
School231,3,0.0,0.0,,0.0,13.0,0.23076921301775286,True,Low,Medium,0.07969328305818302,0.920306716941817
School232,4,0.25,1.0,27.0,0.0,13.75,0.7520036965449967,True,Medium,High,0.25889545495770705,0.741104545042293
School233,3,0.3333333333333333,0.0,,0.0,9.333333333333334,0.832227067813603,False,Low,Medium,0.07969328305818302,0.920306716941817
School234,8,0.25,1.0,-80.5,0.0,10.125,0.6624071254498122,True,Medium,High,0.25889545495770705,0.741104545042293
School235,13,0.0,0.0,,0.0,17.76923076923077,0.3677106117839382,True,Low,Medium,0.07969328305818302,0.920306716941817
School236,12,0.0,0.0,,0.0,16.166666666666668,0.3085276547162855,True,Low,Medium,0.07969328305818302,0.920306716941817
School237,1,0.0,0.0,,0.0,9.0,0.0,True,Low,Medium,0.07969328305818302,0.920306716941817
School238,3,0.3333333333333333,0.0,298.0,0.0,9.333333333333334,0.8660253109960125,True,Low,Medium,0.07969328305818302,0.920306716941817
School239,2,0.0,0.0,,0.0,17.0,0.0,True,Low,Medium,0.07969328305818302,0.920306716941817
School24,1,0.0,0.0,,1.0,1.0,0.0,True,High,Low,0.6510514022236058,0.3489485977763942
School240,14,0.14285714285714285,0.0,62.0,0.0,16.142857142857142,0.4472714873318333,True,Low,Medium,0.07969328305818302,0.920306716941817
School241,7,0.7142857142857143,0.8,0.8,0.14285714285714285,2.4285714285714284,2.015223806436527,True,High,High,0.6510514022236058,0.3489485977763942
School242,15,0.2,0.0,68.33333333333333,0.06666666666666667,9.933333333333334,0.8392328412153938,True,Low,Medium,0.07969328305818302,0.920306716941817
School243,1,1.0,1.0,18.0,0.0,0.0,0.0,True,High,High,0.6510514022236058,0.3489485977763942
School244,1,0.0,0.0,,0.0,17.0,0.0,True,Low,Medium,0.07969328305818302,0.920306716941817
School245,3,0.3333333333333333,0.0,294.0,0.0,14.333333333333334,0.8834148180511792,True,Low,Medium,0.07969328305818302,0.920306716941817
School246,2,1.0,0.0,304.0,0.0,0.0,0.0,True,High,High,0.6510514022236058,0.3489485977763942
School247,4,0.25,0.0,,0.0,12.75,0.7199042474853853,True,Low,Medium,0.07969328305818302,0.920306716941817
School248,1,0.0,0.0,,0.0,16.0,0.0,True,Low,Medium,0.07969328305818302,0.920306716941817
School249,14,0.07142857142857142,1.0,26.0,0.0,27.357142857142858,0.3165975844209596,True,Medium,Medium,0.25889545495770705,0.741104545042293
School25,1,1.0,0.0,42.0,0.0,0.0,0.0,True,High,High,0.6510514022236058,0.3489485977763942
School250,4,0.5,0.5,99.5,0.25,2.75,1.2376103291515248,True,High,High,0.6510514022236058,0.3489485977763942
School251,6,0.5,0.3333333333333333,47.666666666666664,0.0,7.0,1.1212236609879676,True,Medium,High,0.25889545495770705,0.741104545042293
School252,6,0.0,0.0,,0.0,23.833333333333332,0.04125281282506414,True,Low,Medium,0.07969328305818302,0.920306716941817
School253,4,0.25,1.0,18.0,0.0,6.75,0.6775516395732012,True,Medium,High,0.25889545495770705,0.741104545042293
School254,7,0.2857142857142857,0.5,65.0,0.0,12.857142857142858,0.5687687509567795,True,Medium,High,0.25889545495770705,0.741104545042293
School255,12,0.3333333333333333,0.5,32.666666666666664,0.0,13.333333333333334,0.7684103440781973,True,Medium,High,0.25889545495770705,0.741104545042293
School256,2,1.0,1.0,26.0,0.0,0.0,0.0,True,High,High,0.6510514022236058,0.3489485977763942
School257,6,0.6666666666666666,0.0,190.66666666666666,0.0,3.6666666666666665,1.5587657748349928,True,High,High,0.6510514022236058,0.3489485977763942
School258,1,0.0,0.0,,0.0,16.0,0.0,True,Low,Medium,0.07969328305818302,0.920306716941817
School259,10,0.2,0.0,72.0,0.0,12.9,0.6086902758474776,True,Low,Medium,0.07969328305818302,0.920306716941817
School26,5,0.0,0.0,,0.0,11.4,0.3541513590777115,True,Low,Medium,0.07969328305818302,0.920306716941817
School260,18,0.16666666666666666,0.0,70.0,0.0,16.72222222222222,0.5929924274825585,True,Low,Medium,0.07969328305818302,0.920306716941817
School261,14,0.2857142857142857,0.5,36.333333333333336,0.07142857142857142,10.0,0.832974198326061,True,Medium,High,0.25889545495770705,0.741104545042293
School262,4,0.75,0.6666666666666666,-18.0,0.0,5.25,1.9999996190476916,True,High,High,0.6510514022236058,0.3489485977763942
School263,2,0.0,0.0,,0.0,12.5,0.16970561390832228,True,Low,Medium,0.07969328305818302,0.920306716941817
School264,4,0.0,0.0,,0.0,11.5,0.11226037708481988,True,Low,Medium,0.07969328305818302,0.920306716941817
School265,4,0.0,0.0,,0.0,9.25,0.1846297235708335,True,Low,Medium,0.07969328305818302,0.920306716941817
School266,4,0.25,0.0,,0.0,25.0,0.10327955176768237,True,Low,Medium,0.07969328305818302,0.920306716941817
School267,1,0.0,0.0,,0.0,8.0,0.0,True,Low,Medium,0.07969328305818302,0.920306716941817
School268,16,0.1875,0.3333333333333333,25.0,0.0,17.1875,0.529515783162628,True,Low,Medium,0.07969328305818302,0.920306716941817
School269,2,0.0,0.0,,0.0,17.0,0.08318902818729805,True,Low,Medium,0.07969328305818302,0.920306716941817
School27,2,1.0,0.0,59.0,0.0,8.0,1.414213385596422,True,High,High,0.6510514022236058,0.3489485977763942
School270,2,1.0,1.0,-80.0,0.0,0.0,0.0,True,High,High,0.6510514022236058,0.3489485977763942
School271,9,0.2222222222222222,0.0,47.5,0.0,9.88888888888889,0.6620399108522234,True,Low,Medium,0.07969328305818302,0.920306716941817
School272,1,0.0,0.0,,0.0,16.0,0.0,True,Low,Medium,0.07969328305818302,0.920306716941817
School273,2,0.5,0.0,46.0,0.0,5.0,1.4142132795304392,True,High,High,0.6510514022236058,0.3489485977763942
School274,1,0.0,0.0,,0.0,8.0,0.0,True,Low,Medium,0.07969328305818302,0.920306716941817
School275,5,0.2,0.0,109.0,0.0,13.2,0.7175005815561121,False,Low,Medium,0.07969328305818302,0.920306716941817
School276,10,0.0,0.0,,0.0,21.0,0.20573779015241822,True,Low,Medium,0.07969328305818302,0.920306716941817
School277,8,0.0,0.0,,0.0,24.375,0.24015898072078512,True,Low,Medium,0.07969328305818302,0.920306716941817
School278,3,1.0,0.6666666666666666,46.666666666666664,0.0,0.0,0.0,True,High,High,0.6510514022236058,0.3489485977763942
School279,20,0.05,1.0,13.0,0.05,11.55,0.45422523822411687,True,Medium,High,0.25889545495770705,0.741104545042293
School28,27,0.1111111111111111,0.3333333333333333,73.0,0.0,15.592592592592593,0.4737099112401213,True,Low,Medium,0.07969328305818302,0.920306716941817
School280,1,0.0,0.0,,0.0,10.0,0.0,True,Low,Medium,0.07969328305818302,0.920306716941817
School281,5,0.8,0.25,24.0,0.0,9.0,0.5610835453441659,True,Medium,High,0.25889545495770705,0.741104545042293
School282,12,0.16666666666666666,0.5,55.0,0.0,9.333333333333334,0.6498536316195894,True,Medium,High,0.25889545495770705,0.741104545042293
School283,2,0.5,0.0,53.0,0.0,10.0,1.4142134209517532,True,Medium,High,0.25889545495770705,0.741104545042293
School284,8,0.0,0.0,,0.375,10.125,0.7285294944397895,True,Medium,Medium,0.25889545495770705,0.741104545042293
School285,12,0.16666666666666666,0.0,49.0,0.0,13.5,0.6063223826333384,True,Low,Medium,0.07969328305818302,0.920306716941817
School286,16,0.3125,0.8,28.6,0.0625,10.125,1.127181341563653,True,High,High,0.6510514022236058,0.3489485977763942
School287,5,0.6,0.3333333333333333,62.5,0.0,5.8,0.9236615811603394,True,High,High,0.6510514022236058,0.3489485977763942
School288,2,1.0,1.0,18.0,0.0,0.0,0.0,True,High,High,0.6510514022236058,0.3489485977763942
School289,4,0.5,1.0,-31.0,0.0,6.5,1.3789053939887859,True,High,High,0.6510514022236058,0.3489485977763942
School29,2,1.0,0.5,100.5,0.0,0.0,0.0,True,High,High,0.6510514022236058,0.3489485977763942
School290,1,1.0,1.0,-65.0,0.0,0.0,0.0,True,High,High,0.6510514022236058,0.3489485977763942
School291,11,0.0,0.0,,0.18181818181818182,10.272727272727273,0.49653820684697964,True,Low,Medium,0.07969328305818302,0.920306716941817
School292,2,0.0,0.0,,0.0,17.0,0.3327561127491922,True,Low,Medium,0.07969328305818302,0.920306716941817
School293,12,0.3333333333333333,0.25,53.0,0.0,8.666666666666666,0.836884929309319,True,Low,High,0.07969328305818302,0.920306716941817
School294,2,0.0,0.0,,0.0,12.5,0.3959797657860854,True,Low,Medium,0.07969328305818302,0.920306716941817
School295,1,0.0,0.0,,0.0,18.0,0.0,True,Low,Medium,0.07969328305818302,0.920306716941817
School296,8,0.0,0.0,,0.375,6.75,0.6322695040569901,True,Medium,Medium,0.25889545495770705,0.741104545042293
School297,3,0.0,0.0,,0.0,22.666666666666668,0.05094266856337866,True,Low,Medium,0.07969328305818302,0.920306716941817
School298,3,1.0,0.6666666666666666,28.0,0.0,0.0,0.0,True,High,High,0.6510514022236058,0.3489485977763942
School299,13,0.07692307692307693,0.0,286.0,0.0,19.153846153846153,0.35909541852749727,True,Low,Medium,0.07969328305818302,0.920306716941817
School3,8,0.0,0.0,,0.0,24.125,0.14089344453829658,True,Low,Medium,0.07969328305818302,0.920306716941817
School30,1,1.0,0.0,53.0,0.0,0.0,0.0,True,High,High,0.6510514022236058,0.3489485977763942
School300,2,1.0,1.0,-30.5,0.0,0.0,0.0,True,High,High,0.6510514022236058,0.3489485977763942
School301,2,0.0,0.0,,0.0,14.0,0.10101524723984628,True,Low,Medium,0.07969328305818302,0.920306716941817
School302,1,0.0,0.0,,0.0,23.0,0.0,True,Low,Medium,0.07969328305818302,0.920306716941817
School303,5,0.2,0.0,,0.0,16.8,0.5853342398700819,True,Low,Medium,0.07969328305818302,0.920306716941817
School304,16,0.0625,0.0,,0.0,20.5,0.3970943249642355,True,Low,Medium,0.07969328305818302,0.920306716941817
School305,1,0.0,0.0,,0.0,12.0,0.0,True,Low,Medium,0.07969328305818302,0.920306716941817
School306,1,0.0,0.0,,1.0,1.0,0.0,True,High,Low,0.6510514022236058,0.3489485977763942
School307,2,0.5,0.0,,0.0,14.0,0.5050762361992314,False,Medium,Medium,0.25889545495770705,0.741104545042293
School308,1,0.0,0.0,,1.0,1.0,0.0,False,High,Low,0.6510514022236058,0.3489485977763942
School309,9,0.0,0.0,,0.0,17.333333333333332,0.25312395810992905,True,Low,Medium,0.07969328305818302,0.920306716941817
School31,9,0.1111111111111111,0.0,171.0,0.0,18.0,0.4101339511101527,True,Low,Medium,0.07969328305818302,0.920306716941817
School310,20,0.25,0.6,72.6,0.0,15.9,0.6661917908994023,True,Medium,High,0.25889545495770705,0.741104545042293
School311,4,0.75,1.0,-39.0,0.25,1.0,1.9999980000020001,True,High,High,0.6510514022236058,0.3489485977763942
School312,1,1.0,1.0,-7.0,0.0,0.0,0.0,True,High,High,0.6510514022236058,0.3489485977763942
School313,4,0.0,0.0,,0.0,12.25,0.4869531621037768,True,Low,Medium,0.07969328305818302,0.920306716941817
School314,9,0.0,0.0,,0.1111111111111111,14.333333333333334,0.5909676685172819,True,Low,Medium,0.07969328305818302,0.920306716941817
School315,1,0.0,0.0,,0.0,23.0,0.0,True,Low,Medium,0.07969328305818302,0.920306716941817
School316,12,0.0,0.0,,0.0,22.25,0.07695529052228464,True,Low,Medium,0.07969328305818302,0.920306716941817
School317,8,0.0,0.0,,0.0,18.5,0.13856646698811653,True,Low,Medium,0.07969328305818302,0.920306716941817
School318,5,0.2,1.0,-7.0,0.0,18.2,0.5884509890077606,True,Medium,High,0.25889545495770705,0.741104545042293
School319,13,0.0,0.0,,0.0,12.76923076923077,0.34456915872902466,True,Low,Medium,0.07969328305818302,0.920306716941817
School32,5,0.2,0.0,59.0,0.2,8.0,0.8882917891855199,True,Low,Medium,0.07969328305818302,0.920306716941817
School320,6,0.16666666666666666,0.0,62.0,0.0,15.833333333333334,0.6724659613649343,True,Low,Medium,0.07969328305818302,0.920306716941817
School321,7,0.0,0.0,,0.0,19.428571428571427,0.4263649074949123,True,Low,Medium,0.07969328305818302,0.920306716941817
School322,8,0.0,0.0,,0.0,16.625,0.2031864466882624,True,Low,Medium,0.07969328305818302,0.920306716941817
School323,1,1.0,1.0,26.0,0.0,0.0,0.0,True,High,High,0.6510514022236058,0.3489485977763942
School324,5,0.2,0.0,42.0,0.0,13.0,0.7154259156494785,True,Low,Medium,0.07969328305818302,0.920306716941817
School325,1,1.0,0.0,55.0,0.0,0.0,0.0,True,High,High,0.6510514022236058,0.3489485977763942
School326,2,1.0,0.0,199.5,0.0,0.0,0.0,True,High,High,0.6510514022236058,0.3489485977763942
School327,4,0.25,1.0,-18.0,0.0,7.75,0.84530070843576,True,Medium,High,0.25889545495770705,0.741104545042293
School328,21,0.09523809523809523,0.0,56.0,0.0,12.666666666666666,0.4440277397745743,True,Low,Medium,0.07969328305818302,0.920306716941817
School329,12,0.08333333333333333,0.0,,0.0,19.083333333333332,0.41469876705517655,True,Low,Medium,0.07969328305818302,0.920306716941817
School33,6,0.3333333333333333,1.0,8.5,0.0,11.333333333333334,0.9883402433459649,True,High,High,0.6510514022236058,0.3489485977763942
School330,9,0.0,0.0,,0.0,21.22222222222222,0.2775486316402052,True,Low,Medium,0.07969328305818302,0.920306716941817
School331,3,0.6666666666666666,0.0,137.0,0.0,8.333333333333334,1.7320505997228053,True,High,High,0.6510514022236058,0.3489485977763942
School332,2,0.0,0.0,,0.0,14.5,0.04876598154624594,False,Low,Medium,0.07969328305818302,0.920306716941817
School333,4,0.5,0.5,28.0,0.0,7.0,1.414213360342615,True,High,High,0.6510514022236058,0.3489485977763942
School334,9,0.3333333333333333,0.0,154.5,0.1111111111111111,5.444444444444445,0.9370545951336845,True,High,High,0.6510514022236058,0.3489485977763942
School335,3,0.0,0.0,,0.0,17.333333333333332,0.4698765776175288,True,Low,Medium,0.07969328305818302,0.920306716941817
School336,5,0.2,0.0,,0.0,12.6,0.6630665687790158,True,Low,Medium,0.07969328305818302,0.920306716941817
School337,3,0.3333333333333333,1.0,20.0,0.0,5.666666666666667,0.9719240427109516,True,High,High,0.6510514022236058,0.3489485977763942
School338,1,1.0,0.0,54.0,0.0,0.0,0.0,True,High,High,0.6510514022236058,0.3489485977763942
School339,2,0.0,0.0,,0.0,22.5,0.6599662997756087,True,Low,Medium,0.07969328305818302,0.920306716941817
School34,3,0.3333333333333333,0.0,,0.0,14.333333333333334,0.866727621092688,True,Low,Medium,0.07969328305818302,0.920306716941817
School340,2,0.0,0.0,,1.0,4.0,0.0,True,High,Low,0.6510514022236058,0.3489485977763942
School341,19,0.42105263157894735,0.0,50.833333333333336,0.0,12.68421052631579,0.9092260964651679,True,Medium,Medium,0.25889545495770705,0.741104545042293
School342,7,0.0,0.0,,0.0,22.142857142857142,0.21568722929994205,True,Low,Medium,0.07969328305818302,0.920306716941817
School343,9,0.0,0.0,,0.0,22.0,0.24372283652995305,True,Low,Medium,0.07969328305818302,0.920306716941817
School344,9,0.2222222222222222,0.5,54.0,0.0,9.222222222222221,0.656847465355802,True,Medium,High,0.25889545495770705,0.741104545042293
School345,8,0.375,0.3333333333333333,140.5,0.0,8.875,0.8505522111441659,True,Low,High,0.07969328305818302,0.920306716941817
School346,4,0.25,1.0,27.0,0.0,13.75,0.6934561794038078,True,Medium,High,0.25889545495770705,0.741104545042293
School347,2,0.0,0.0,,0.0,25.0,0.0,True,Low,Medium,0.07969328305818302,0.920306716941817
School348,9,0.5555555555555556,0.4,34.6,0.0,12.555555555555555,1.3357701755327416,True,High,High,0.6510514022236058,0.3489485977763942
School349,2,0.0,0.0,,0.0,9.0,0.4714044684127574,True,Low,Medium,0.07969328305818302,0.920306716941817
School35,3,0.0,0.0,,0.0,24.0,0.19094064600063307,True,Low,Medium,0.07969328305818302,0.920306716941817
School350,3,1.0,0.6666666666666666,3.3333333333333335,0.0,0.0,0.0,True,High,High,0.6510514022236058,0.3489485977763942
School351,31,0.06451612903225806,0.0,83.0,0.0,21.70967741935484,0.627327967522553,True,Low,Medium,0.07969328305818302,0.920306716941817
School352,20,0.1,0.0,,0.0,23.1,0.2826181746270617,True,Low,Medium,0.07969328305818302,0.920306716941817
School353,4,0.0,0.0,,0.0,27.0,0.060481225976823184,True,Low,Medium,0.07969328305818302,0.920306716941817
School354,18,0.3888888888888889,0.0,134.83333333333334,0.0,17.0,0.8040199764955487,True,Low,Medium,0.07969328305818302,0.920306716941817
School355,7,0.14285714285714285,0.0,47.0,0.0,16.571428571428573,0.5648580061576772,True,Low,Medium,0.07969328305818302,0.920306716941817
School356,4,0.25,1.0,-707.0,0.0,11.75,0.6961923487954329,True,Medium,High,0.25889545495770705,0.741104545042293
School357,1,0.0,0.0,,0.0,15.0,0.0,True,Low,Medium,0.07969328305818302,0.920306716941817
School358,14,0.35714285714285715,0.6,10.25,0.14285714285714285,6.0,0.9198660576967902,True,High,High,0.6510514022236058,0.3489485977763942
School359,1,0.0,0.0,,0.0,43.0,0.0,True,Low,Medium,0.07969328305818302,0.920306716941817
School36,7,0.14285714285714285,0.0,55.0,0.0,16.428571428571427,0.4699944075356285,True,Low,Medium,0.07969328305818302,0.920306716941817
School360,4,0.5,0.5,19.0,0.0,9.0,0.6666665925926009,True,Medium,High,0.25889545495770705,0.741104545042293
School361,3,0.3333333333333333,0.0,,0.0,18.333333333333332,0.47027332548973,True,Low,Medium,0.07969328305818302,0.920306716941817
School362,3,1.0,0.0,106.5,0.0,0.0,0.0,True,High,High,0.6510514022236058,0.3489485977763942
School363,10,0.4,1.0,-80.25,0.0,9.5,0.864112916481079,True,Medium,High,0.25889545495770705,0.741104545042293
School364,3,1.0,0.0,51.666666666666664,0.0,0.0,0.0,True,High,High,0.6510514022236058,0.3489485977763942
School365,12,0.3333333333333333,0.5,38.333333333333336,0.0,16.166666666666668,0.7198262774550319,True,Medium,High,0.25889545495770705,0.741104545042293
School366,4,1.0,0.5,35.0,0.0,0.0,0.0,True,High,High,0.6510514022236058,0.3489485977763942
School367,2,1.0,1.0,-31.0,0.0,0.0,0.0,True,High,High,0.6510514022236058,0.3489485977763942
School368,3,0.6666666666666666,1.0,-31.0,0.0,2.0,1.7320499415439063,True,High,High,0.6510514022236058,0.3489485977763942
School369,9,0.1111111111111111,0.0,,0.0,22.555555555555557,0.3966128957261172,True,Low,Medium,0.07969328305818302,0.920306716941817
School37,6,0.0,0.0,,0.0,20.0,0.16431675903571188,True,Low,Medium,0.07969328305818302,0.920306716941817
School370,2,0.5,1.0,21.0,0.0,5.5,1.4142133052434032,True,High,High,0.6510514022236058,0.3489485977763942
School371,8,0.75,0.6666666666666666,29.4,0.0,8.125,1.3993354991614992,True,High,High,0.6510514022236058,0.3489485977763942
School372,1,0.0,0.0,,0.0,20.0,0.0,True,Low,Medium,0.07969328305818302,0.920306716941817
School373,2,0.5,0.0,74.0,0.0,7.0,1.414213360342615,True,Medium,High,0.25889545495770705,0.741104545042293
School374,34,0.20588235294117646,0.0,112.2,0.0,15.0,0.7110479295921869,True,Low,Medium,0.07969328305818302,0.920306716941817
School375,11,0.0,0.0,,0.0,23.727272727272727,0.11165147559203127,True,Low,Medium,0.07969328305818302,0.920306716941817
School376,11,0.45454545454545453,0.0,101.75,0.0,9.181818181818182,0.9848075356467746,True,Medium,High,0.25889545495770705,0.741104545042293
School377,2,1.0,0.5,-49.5,0.0,0.0,0.0,True,High,High,0.6510514022236058,0.3489485977763942
School378,3,0.3333333333333333,0.0,73.0,0.0,10.666666666666666,0.8860903468513942,True,Low,Medium,0.07969328305818302,0.920306716941817
School379,4,0.0,0.0,,0.5,5.0,0.730296597280902,True,High,Low,0.6510514022236058,0.3489485977763942
School38,1,0.0,0.0,,0.0,13.0,0.0,True,Low,Medium,0.07969328305818302,0.920306716941817
School380,10,0.4,0.25,42.666666666666664,0.0,9.4,0.962293905746648,True,Medium,High,0.25889545495770705,0.741104545042293
School381,11,0.09090909090909091,1.0,24.0,0.0,16.818181818181817,0.42112927865527966,True,Medium,High,0.25889545495770705,0.741104545042293
School382,13,0.15384615384615385,0.0,157.5,0.0,15.923076923076923,0.6442742974921539,True,Low,Medium,0.07969328305818302,0.920306716941817
School383,7,0.2857142857142857,0.0,182.5,0.0,15.857142857142858,0.7185025473812436,False,Low,Medium,0.07969328305818302,0.920306716941817
School384,2,0.0,0.0,,0.0,12.0,0.0,True,Low,Medium,0.07969328305818302,0.920306716941817
School385,2,0.0,0.0,,0.0,12.5,0.05656853796944077,True,Low,Medium,0.07969328305818302,0.920306716941817
School386,13,0.07692307692307693,0.0,108.0,0.0,15.23076923076923,0.6744614517985249,True,Low,Medium,0.07969328305818302,0.920306716941817
School387,18,0.2777777777777778,0.0,109.5,0.0,13.5,0.7430247459725761,True,Low,Medium,0.07969328305818302,0.920306716941817
School388,1,1.0,1.0,24.0,0.0,0.0,0.0,True,High,High,0.6510514022236058,0.3489485977763942
School389,7,0.2857142857142857,0.0,53.0,0.0,12.428571428571429,0.46420273291032427,True,Low,Medium,0.07969328305818302,0.920306716941817
School39,3,0.0,0.0,,0.0,17.333333333333332,0.31774443631971144,True,Low,Medium,0.07969328305818302,0.920306716941817
School390,1,0.0,0.0,,0.0,26.0,0.0,True,Low,Medium,0.07969328305818302,0.920306716941817
School391,8,0.375,0.3333333333333333,28.0,0.0,6.75,0.9658076206511154,True,Medium,High,0.25889545495770705,0.741104545042293
School392,2,0.5,0.0,59.0,0.0,6.0,1.4142133266708738,True,Medium,High,0.25889545495770705,0.741104545042293
School393,3,0.6666666666666666,0.0,99.0,0.0,5.333333333333333,1.732050482809412,True,High,High,0.6510514022236058,0.3489485977763942
School394,10,0.2,0.0,125.5,0.0,20.5,0.550569174877504,True,Low,Medium,0.07969328305818302,0.920306716941817
School395,10,0.1,0.0,245.0,0.0,22.2,0.43507283348145165,True,Low,Medium,0.07969328305818302,0.920306716941817
School396,4,0.0,0.0,,0.0,17.25,0.29701304846184057,True,Low,Medium,0.07969328305818302,0.920306716941817
School397,2,0.0,0.0,,0.0,14.5,0.04876598154624594,True,Low,Medium,0.07969328305818302,0.920306716941817
School398,1,0.0,0.0,,0.0,13.0,0.0,True,Low,Medium,0.07969328305818302,0.920306716941817
School399,4,0.0,0.0,,0.0,16.75,0.3173177665104214,True,Low,Medium,0.07969328305818302,0.920306716941817
School4,13,0.15384615384615385,0.0,182.5,0.0,16.615384615384617,0.5068545615658342,True,Low,Medium,0.07969328305818302,0.920306716941817
School40,2,1.0,0.0,55.0,0.0,0.0,0.0,True,High,High,0.6510514022236058,0.3489485977763942
School400,14,0.07142857142857142,1.0,0.0,0.0,13.142857142857142,0.5219306664759236,True,Medium,High,0.25889545495770705,0.741104545042293
School401,5,0.2,1.0,12.0,0.0,13.4,0.34035084776460484,True,Medium,High,0.25889545495770705,0.741104545042293
School402,2,1.0,0.0,48.0,0.0,0.0,0.0,True,High,High,0.6510514022236058,0.3489485977763942
School403,3,0.3333333333333333,0.0,53.0,0.0,14.666666666666666,0.8660253447372561,True,Low,Medium,0.07969328305818302,0.920306716941817
School404,7,0.14285714285714285,1.0,19.0,0.0,14.428571428571429,0.4681119665241801,True,Medium,High,0.25889545495770705,0.741104545042293
School405,28,0.07142857142857142,0.0,283.0,0.0,16.0,0.3765400240141918,True,Low,Medium,0.07969328305818302,0.920306716941817
School406,2,0.0,0.0,,0.0,19.0,0.07443228883898981,True,Low,Medium,0.07969328305818302,0.920306716941817
School407,12,0.08333333333333333,0.0,53.0,0.0,17.583333333333332,0.3744757277099674,True,Low,Medium,0.07969328305818302,0.920306716941817
School408,12,0.3333333333333333,1.0,-80.25,0.0,5.5,0.8259501142007387,True,High,High,0.6510514022236058,0.3489485977763942
School409,5,0.4,0.5,-22.0,0.0,9.8,1.5814679011611834,True,High,High,0.6510514022236058,0.3489485977763942
School41,2,0.5,0.0,,0.0,14.0,0.5050762361992314,True,Medium,Medium,0.25889545495770705,0.741104545042293
School410,1,0.0,0.0,,0.0,26.0,0.0,True,Low,Medium,0.07969328305818302,0.920306716941817
School411,2,1.0,0.0,,0.0,8.5,1.4142133959950485,True,High,High,0.6510514022236058,0.3489485977763942
School412,1,0.0,0.0,,0.0,9.0,0.0,True,Low,Medium,0.07969328305818302,0.920306716941817
School413,7,0.2857142857142857,0.5,-80.0,0.0,11.428571428571429,0.8718693233350245,True,Medium,High,0.25889545495770705,0.741104545042293
School414,6,0.6666666666666666,0.0,176.5,0.0,4.833333333333333,1.550573965806567,True,High,High,0.6510514022236058,0.3489485977763942
School415,3,0.0,0.0,,0.0,19.333333333333332,0.029862943413449073,True,Low,Medium,0.07969328305818302,0.920306716941817
School416,9,0.3333333333333333,0.0,214.33333333333334,0.0,12.11111111111111,0.8271774873238068,True,Low,Medium,0.07969328305818302,0.920306716941817
School417,12,0.16666666666666666,0.0,244.5,0.0,16.5,0.5113291689527673,True,Low,Medium,0.07969328305818302,0.920306716941817
School418,8,0.0,0.0,,0.0,16.625,0.19004227045585892,True,Low,Medium,0.07969328305818302,0.920306716941817
School419,5,0.0,0.0,,0.0,22.6,0.23951093812295596,True,Low,Medium,0.07969328305818302,0.920306716941817
School42,9,0.5555555555555556,0.2,49.5,0.0,4.555555555555555,1.2804875237954216,True,High,High,0.6510514022236058,0.3489485977763942
School420,10,0.2,0.0,124.0,0.0,17.2,0.5554954274664404,True,Low,Medium,0.07969328305818302,0.920306716941817
School421,4,0.0,0.0,,0.0,14.5,0.06896551248513706,True,Low,Medium,0.07969328305818302,0.920306716941817
School422,12,0.16666666666666666,0.0,244.5,0.0,17.583333333333332,0.48830428654680413,True,Low,Medium,0.07969328305818302,0.920306716941817
School423,11,0.09090909090909091,0.0,,0.0,14.818181818181818,0.3555848303715349,True,Low,Medium,0.07969328305818302,0.920306716941817
School424,8,0.0,0.0,,0.0,21.5,0.12430754859612533,True,Low,Medium,0.07969328305818302,0.920306716941817
School425,13,0.15384615384615385,0.0,97.0,0.0,16.53846153846154,0.5495429369872681,True,Low,Medium,0.07969328305818302,0.920306716941817
School426,10,0.0,0.0,,0.0,12.5,0.34409298315426645,True,Low,Medium,0.07969328305818302,0.920306716941817
School427,5,0.6,0.0,195.5,0.0,7.4,0.9440133425156553,True,High,High,0.6510514022236058,0.3489485977763942
School428,2,0.5,0.0,41.0,0.0,5.5,1.4142133052434032,True,High,High,0.6510514022236058,0.3489485977763942
School429,6,0.16666666666666666,1.0,18.0,0.0,17.166666666666668,0.5305982598350011,False,Medium,High,0.25889545495770705,0.741104545042293
School43,10,0.3,0.0,118.0,0.0,16.9,0.5664905464281054,True,Low,Medium,0.07969328305818302,0.920306716941817
School430,10,0.3,0.3333333333333333,0.0,0.0,10.4,0.8110936957479976,True,Low,High,0.07969328305818302,0.920306716941817
School431,2,1.0,1.0,-31.0,0.0,0.0,0.0,True,High,High,0.6510514022236058,0.3489485977763942
School432,7,0.2857142857142857,0.0,140.0,0.0,16.285714285714285,0.7175845642261254,True,Low,Medium,0.07969328305818302,0.920306716941817
School433,1,0.0,0.0,,0.0,11.0,0.0,True,Low,Medium,0.07969328305818302,0.920306716941817
School434,3,0.0,0.0,,0.3333333333333333,23.666666666666668,0.9948288811430219,True,High,Medium,0.6510514022236058,0.3489485977763942
School435,2,0.5,1.0,-65.0,0.0,12.0,1.4142134445219747,True,High,High,0.6510514022236058,0.3489485977763942
School436,6,0.16666666666666666,1.0,18.0,0.0,16.166666666666668,0.5298206525073574,True,Medium,High,0.25889545495770705,0.741104545042293
School437,4,0.5,0.0,82.0,0.25,9.5,0.9628365817373594,True,High,High,0.6510514022236058,0.3489485977763942
School438,11,0.45454545454545453,0.4,33.75,0.09090909090909091,7.2727272727272725,0.9307253954745723,True,High,High,0.6510514022236058,0.3489485977763942
School439,3,0.0,0.0,,0.0,18.333333333333332,0.20650574676515107,True,Low,Medium,0.07969328305818302,0.920306716941817
School44,6,0.3333333333333333,0.0,52.0,0.0,13.833333333333334,0.9125819426656758,True,Medium,Medium,0.25889545495770705,0.741104545042293
School440,1,0.0,0.0,,0.0,9.0,0.0,True,Low,Medium,0.07969328305818302,0.920306716941817
School441,5,0.0,0.0,,0.2,11.4,0.7957836796710265,True,Low,Medium,0.07969328305818302,0.920306716941817
School442,25,0.08,0.5,69.0,0.0,15.16,0.4971648581685393,True,Medium,Medium,0.25889545495770705,0.741104545042293
School443,14,0.07142857142857142,0.0,203.0,0.0,18.214285714285715,0.4269982285109907,True,Low,Medium,0.07969328305818302,0.920306716941817
School444,2,0.5,1.0,-7.0,0.0,11.5,1.4142134393980135,True,High,High,0.6510514022236058,0.3489485977763942
School445,6,0.3333333333333333,1.0,-80.5,0.0,7.833333333333333,0.9533243371095614,True,High,High,0.6510514022236058,0.3489485977763942
School446,4,0.0,0.0,,0.0,11.5,0.4405415313607557,True,Low,Medium,0.07969328305818302,0.920306716941817
School447,9,0.0,0.0,,0.0,19.77777777777778,0.26728231559505766,True,Low,Medium,0.07969328305818302,0.920306716941817
School449,6,0.16666666666666666,0.0,299.0,0.0,16.833333333333332,0.5450042822580776,True,Low,Medium,0.07969328305818302,0.920306716941817
School45,3,0.0,0.0,,0.0,13.666666666666666,0.4760785333587204,True,Low,Medium,0.07969328305818302,0.920306716941817
School450,5,0.2,0.0,155.0,0.0,13.8,0.5806151934049898,True,Low,Medium,0.07969328305818302,0.920306716941817
School451,19,0.2631578947368421,0.4,-12.0,0.0,11.526315789473685,0.594338568319772,True,Medium,High,0.25889545495770705,0.741104545042293
School452,6,0.16666666666666666,0.0,,0.0,15.666666666666666,0.5559668159367418,True,Low,Medium,0.07969328305818302,0.920306716941817
School453,4,0.25,0.0,97.0,0.0,9.5,0.6740130066757729,True,Low,Medium,0.07969328305818302,0.920306716941817
School454,1,0.0,0.0,,1.0,1.0,0.0,True,High,Low,0.6510514022236058,0.3489485977763942
School455,1,0.0,0.0,,1.0,1.0,0.0,True,High,Low,0.6510514022236058,0.3489485977763942
School456,1,0.0,0.0,,0.0,13.0,0.0,True,Low,Medium,0.07969328305818302,0.920306716941817
School457,1,0.0,0.0,,0.0,25.0,0.0,True,Low,Medium,0.07969328305818302,0.920306716941817
School458,5,0.0,0.0,,0.4,7.6,0.6811672317171951,True,Medium,Medium,0.25889545495770705,0.741104545042293
School459,8,0.25,0.5,39.0,0.0,9.25,0.8043499769814566,True,Medium,High,0.25889545495770705,0.741104545042293
School46,5,0.2,0.0,74.0,0.0,9.4,0.5855896800233483,False,Low,Medium,0.07969328305818302,0.920306716941817
School460,13,0.0,0.0,,0.15384615384615385,13.153846153846153,0.5219714178064514,True,Low,Medium,0.07969328305818302,0.920306716941817
School461,3,0.6666666666666666,0.0,,0.0,11.666666666666666,0.9165150604327345,True,High,High,0.6510514022236058,0.3489485977763942
School462,2,1.0,0.5,19.0,0.0,8.5,1.4142133959950485,True,High,High,0.6510514022236058,0.3489485977763942
School463,3,0.0,0.0,,0.0,21.333333333333332,0.05412658519934374,True,Low,Medium,0.07969328305818302,0.920306716941817
School464,15,0.3333333333333333,0.0,128.66666666666666,0.0,13.266666666666667,0.6592579114671303,True,Low,Medium,0.07969328305818302,0.920306716941817
School465,11,0.09090909090909091,0.0,178.0,0.0,17.545454545454547,0.3902073658066851,True,Low,Medium,0.07969328305818302,0.920306716941817
School466,6,0.3333333333333333,0.0,53.0,0.0,10.666666666666666,0.933114656268557,True,Medium,Medium,0.25889545495770705,0.741104545042293
School467,2,0.0,0.0,,0.0,14.0,0.10101524723984628,True,Low,Medium,0.07969328305818302,0.920306716941817
School468,3,1.0,0.3333333333333333,-12.5,0.0,0.3333333333333333,1.7320456114320435,True,High,High,0.6510514022236058,0.3489485977763942
School469,4,0.0,0.0,,0.0,19.75,0.6897669215955801,True,Low,Medium,0.07969328305818302,0.920306716941817
School47,2,1.0,0.0,120.0,0.0,0.0,0.0,True,High,High,0.6510514022236058,0.3489485977763942
School470,2,0.0,0.0,,0.0,13.5,0.3666479334561407,True,Low,Medium,0.07969328305818302,0.920306716941817
School471,2,1.0,0.0,,0.0,11.0,0.2571297152378614,True,High,High,0.6510514022236058,0.3489485977763942
School472,6,0.0,0.0,,0.0,28.833333333333332,0.5589807382908206,True,Low,Medium,0.07969328305818302,0.920306716941817
School473,1,0.0,0.0,,0.0,10.0,0.0,True,Low,Medium,0.07969328305818302,0.920306716941817
School474,10,0.3,0.0,76.0,0.0,12.7,0.7479623636656023,True,Low,Medium,0.07969328305818302,0.920306716941817
School475,1,0.0,0.0,,0.0,8.0,0.0,True,Low,Medium,0.07969328305818302,0.920306716941817
School476,2,1.0,1.0,-80.5,0.0,0.0,0.0,True,High,High,0.6510514022236058,0.3489485977763942
School477,7,0.0,0.0,,0.0,16.0,0.3104096561358827,True,Low,Medium,0.07969328305818302,0.920306716941817
School478,1,0.0,0.0,,0.0,5.0,0.0,True,Medium,Medium,0.25889545495770705,0.741104545042293
School479,10,0.2,0.5,7.0,0.2,8.3,0.7003398045793221,True,Medium,High,0.25889545495770705,0.741104545042293
School48,1,0.0,0.0,,0.0,15.0,0.0,True,Low,Medium,0.07969328305818302,0.920306716941817
School480,3,0.3333333333333333,0.0,60.0,0.0,4.333333333333333,0.8736780054281947,True,Medium,High,0.25889545495770705,0.741104545042293
School481,23,0.08695652173913043,0.5,60.5,0.0,18.52173913043478,0.5337031350545547,True,Medium,Medium,0.25889545495770705,0.741104545042293
School482,1,0.0,0.0,,0.0,10.0,0.0,True,Low,Medium,0.07969328305818302,0.920306716941817
School483,2,0.0,0.0,,0.0,14.0,0.0,True,Low,Medium,0.07969328305818302,0.920306716941817
School484,3,0.0,0.0,,0.0,14.666666666666666,0.3876982033213039,True,Low,Medium,0.07969328305818302,0.920306716941817
School485,1,1.0,1.0,-392.0,0.0,0.0,0.0,True,High,High,0.6510514022236058,0.3489485977763942
School486,23,0.08695652173913043,0.0,132.0,0.0,17.130434782608695,0.38332204739320797,True,Low,Medium,0.07969328305818302,0.920306716941817
School487,6,0.3333333333333333,0.0,58.0,0.0,16.666666666666668,0.7773801692104104,True,Low,Medium,0.07969328305818302,0.920306716941817
School488,1,0.0,0.0,,0.0,23.0,0.0,True,Low,Medium,0.07969328305818302,0.920306716941817
School489,1,0.0,0.0,,0.0,61.0,0.0,True,Low,Medium,0.07969328305818302,0.920306716941817
School49,5,0.4,0.0,270.0,0.0,5.6,0.7844956683575164,True,Medium,High,0.25889545495770705,0.741104545042293
School490,19,0.15789473684210525,0.0,52.0,0.0,13.210526315789474,0.5296274211605667,True,Low,Medium,0.07969328305818302,0.920306716941817
School491,20,0.25,0.6,45.5,0.0,18.9,0.6383689552370649,True,Medium,Medium,0.25889545495770705,0.741104545042293
School492,1,0.0,0.0,,0.0,17.0,0.0,True,Low,Medium,0.07969328305818302,0.920306716941817
School493,2,0.0,0.0,,0.0,26.0,0.0,False,Low,Medium,0.07969328305818302,0.920306716941817
School494,4,1.0,1.0,-80.25,0.0,0.0,0.0,True,High,High,0.6510514022236058,0.3489485977763942
School495,12,0.08333333333333333,1.0,27.0,0.0,21.083333333333332,0.3950052910492923,True,Medium,Medium,0.25889545495770705,0.741104545042293
School496,13,0.07692307692307693,0.0,262.0,0.0,17.692307692307693,0.4488555522410267,True,Low,Medium,0.07969328305818302,0.920306716941817
School497,1,0.0,0.0,,0.0,28.0,0.0,True,Low,Medium,0.07969328305818302,0.920306716941817
School498,3,0.0,0.0,,0.0,9.666666666666666,0.15801983520332188,True,Low,Medium,0.07969328305818302,0.920306716941817
School499,7,0.2857142857142857,1.0,-61.0,0.0,12.0,0.9537935157055069,True,High,High,0.6510514022236058,0.3489485977763942
School5,17,0.058823529411764705,1.0,-50.0,0.0,21.647058823529413,0.3731357573773789,True,Medium,Medium,0.25889545495770705,0.741104545042293
School50,1,0.0,0.0,,1.0,3.0,0.0,True,High,Low,0.6510514022236058,0.3489485977763942
School500,6,0.5,0.3333333333333333,33.666666666666664,0.0,5.5,1.1134042261006762,True,High,High,0.6510514022236058,0.3489485977763942
School501,1,0.0,0.0,,0.0,20.0,0.0,True,Low,Medium,0.07969328305818302,0.920306716941817
School502,1,0.0,0.0,,0.0,21.0,0.0,True,Low,Medium,0.07969328305818302,0.920306716941817
School503,3,0.3333333333333333,0.0,,0.0,11.333333333333334,0.8660253273704391,True,Low,Medium,0.07969328305818302,0.920306716941817
School504,12,0.4166666666666667,0.2,166.8,0.0,9.0,1.098922929934555,True,Medium,High,0.25889545495770705,0.741104545042293
School505,4,0.0,0.0,,0.0,13.75,0.4297477966543623,True,Low,Medium,0.07969328305818302,0.920306716941817
School506,2,1.0,1.0,-30.5,0.0,0.0,0.0,True,High,High,0.6510514022236058,0.3489485977763942
School507,5,0.2,0.0,,0.0,11.2,0.6956267657755552,True,Low,Medium,0.07969328305818302,0.920306716941817
School508,4,0.0,0.0,,0.0,25.75,0.16590297890313732,True,Low,Medium,0.07969328305818302,0.920306716941817
School509,7,0.2857142857142857,0.0,52.0,0.0,17.428571428571427,0.6931764131685076,True,Low,Medium,0.07969328305818302,0.920306716941817
School51,2,1.0,0.5,36.5,0.0,0.0,0.0,True,High,High,0.6510514022236058,0.3489485977763942
School510,16,0.1875,0.0,,0.0,16.25,0.5296122330082912,True,Low,Medium,0.07969328305818302,0.920306716941817
School511,6,0.3333333333333333,1.0,-31.0,0.0,16.166666666666668,0.7857536429907824,True,Medium,High,0.25889545495770705,0.741104545042293
School512,3,0.3333333333333333,0.0,306.0,0.0,19.0,0.8759640053225912,True,Low,Medium,0.07969328305818302,0.920306716941817
School513,2,1.0,1.0,-80.5,0.0,0.0,0.0,True,High,High,0.6510514022236058,0.3489485977763942
School514,34,0.17647058823529413,0.0,77.5,0.0,16.235294117647058,0.6114570639888869,True,Low,Medium,0.07969328305818302,0.920306716941817
School515,15,0.4666666666666667,0.0,80.0,0.0,9.733333333333333,1.0896961795256834,True,Medium,High,0.25889545495770705,0.741104545042293
School516,2,0.5,1.0,-154.0,0.0,8.5,1.4142133959950485,True,High,High,0.6510514022236058,0.3489485977763942
School517,3,1.0,0.3333333333333333,50.0,0.0,0.0,0.0,True,High,High,0.6510514022236058,0.3489485977763942
School518,11,0.09090909090909091,0.0,318.0,0.0,19.181818181818183,0.35420950652230976,True,Low,Medium,0.07969328305818302,0.920306716941817
School519,1,0.0,0.0,,0.0,6.0,0.0,True,Medium,Medium,0.25889545495770705,0.741104545042293
School52,2,0.5,0.0,117.0,0.0,7.0,1.414213360342615,True,Medium,High,0.25889545495770705,0.741104545042293
School520,17,0.0,0.0,,0.058823529411764705,15.647058823529411,0.36148671773641106,True,Low,Medium,0.07969328305818302,0.920306716941817
School521,3,1.0,1.0,-55.666666666666664,0.0,0.0,0.0,True,High,High,0.6510514022236058,0.3489485977763942
School522,6,0.0,0.0,,0.0,16.333333333333332,0.15808094322800006,True,Low,Medium,0.07969328305818302,0.920306716941817
School523,7,0.14285714285714285,0.0,,0.0,16.428571428571427,0.4867752989786887,True,Low,Medium,0.07969328305818302,0.920306716941817
School524,1,0.0,0.0,,0.0,11.0,0.0,True,Low,Medium,0.07969328305818302,0.920306716941817
School525,5,0.2,0.0,,0.2,10.6,1.0432954714588616,True,Medium,Medium,0.25889545495770705,0.741104545042293
School526,5,0.2,0.0,,0.0,13.0,0.5678777663260719,True,Low,Medium,0.07969328305818302,0.920306716941817
School527,4,0.5,0.0,75.0,0.0,12.75,1.1551443073149759,True,Medium,High,0.25889545495770705,0.741104545042293
School528,1,0.0,0.0,,1.0,1.0,0.0,True,High,Low,0.6510514022236058,0.3489485977763942
School529,8,0.125,0.0,,0.0,13.25,0.5002160575432429,True,Low,Medium,0.07969328305818302,0.920306716941817
School53,5,0.2,1.0,-392.0,0.0,11.2,0.9287430330726466,True,High,High,0.6510514022236058,0.3489485977763942
School530,23,0.043478260869565216,0.0,,0.0,15.565217391304348,0.40762896626027156,True,Low,Medium,0.07969328305818302,0.920306716941817
School531,11,0.09090909090909091,0.0,,0.0,13.090909090909092,0.45121788187028317,True,Low,Medium,0.07969328305818302,0.920306716941817
School532,4,0.0,0.0,,0.25,6.25,0.5122498570346508,True,Medium,Medium,0.25889545495770705,0.741104545042293
School533,2,1.0,0.5,13.0,0.0,0.0,0.0,True,High,High,0.6510514022236058,0.3489485977763942
School534,5,0.0,0.0,,0.0,25.6,0.30080660244003044,True,Low,Medium,0.07969328305818302,0.920306716941817
School535,4,0.0,0.0,,0.0,10.5,0.2961072433259392,True,Low,Medium,0.07969328305818302,0.920306716941817
School536,8,0.0,0.0,,0.0,20.125,0.14892035691190594,True,Low,Medium,0.07969328305818302,0.920306716941817
School537,10,0.0,0.0,,0.0,21.0,0.22671200280872525,True,Low,Medium,0.07969328305818302,0.920306716941817
School538,28,0.07142857142857142,0.0,45.0,0.07142857142857142,20.892857142857142,0.6346220743554833,True,Low,Medium,0.07969328305818302,0.920306716941817
School539,4,0.5,1.0,-80.5,0.0,10.25,1.2090607890361054,True,High,High,0.6510514022236058,0.3489485977763942
School54,4,0.5,0.0,59.0,0.0,9.25,1.1755978821478803,True,Medium,High,0.25889545495770705,0.741104545042293
School540,13,0.23076923076923078,0.0,173.0,0.0,18.153846153846153,0.5785411105665397,True,Low,Medium,0.07969328305818302,0.920306716941817
School541,5,0.2,0.0,80.0,0.0,19.2,0.5885646812837833,True,Low,Medium,0.07969328305818302,0.920306716941817
School542,25,0.08,0.0,,0.0,21.12,0.39456753181024923,True,Low,Medium,0.07969328305818302,0.920306716941817
School543,1,1.0,0.0,53.0,0.0,0.0,0.0,True,High,High,0.6510514022236058,0.3489485977763942
School544,1,1.0,0.0,,0.0,14.0,0.0,True,High,High,0.6510514022236058,0.3489485977763942
School545,2,1.0,1.0,-80.5,0.0,0.0,0.0,True,High,High,0.6510514022236058,0.3489485977763942
School546,2,0.0,0.0,,0.0,19.0,0.14886457767797961,True,Low,Medium,0.07969328305818302,0.920306716941817
School547,4,1.0,0.5,-37.333333333333336,0.0,3.0,1.9999993333335555,True,High,High,0.6510514022236058,0.3489485977763942
School548,6,0.3333333333333333,1.0,-80.0,0.0,12.166666666666666,0.8110236256803339,True,Medium,High,0.25889545495770705,0.741104545042293
School549,19,0.0,0.0,,0.0,13.842105263157896,0.31697840748707895,True,Low,Medium,0.07969328305818302,0.920306716941817
School55,1,0.0,0.0,,1.0,3.0,0.0,True,High,Low,0.6510514022236058,0.3489485977763942
School550,7,0.2857142857142857,0.5,54.0,0.0,16.142857142857142,0.7094011533585509,True,Medium,High,0.25889545495770705,0.741104545042293
School551,1,1.0,1.0,18.0,0.0,0.0,0.0,True,High,High,0.6510514022236058,0.3489485977763942
School552,14,0.2857142857142857,0.25,44.333333333333336,0.07142857142857142,5.428571428571429,0.8987168687198097,True,Medium,High,0.25889545495770705,0.741104545042293
School553,8,0.0,0.0,,0.0,21.875,0.1077303571083175,True,Low,Medium,0.07969328305818302,0.920306716941817
School554,10,0.1,1.0,12.0,0.0,17.3,0.5584677635748139,True,Medium,High,0.25889545495770705,0.741104545042293
School555,10,0.0,0.0,,0.0,20.3,0.1799509690375218,True,Low,Medium,0.07969328305818302,0.920306716941817
School556,32,0.1875,0.0,186.0,0.0,16.5625,0.572982318612575,True,Low,Medium,0.07969328305818302,0.920306716941817
School557,3,0.3333333333333333,1.0,27.0,0.0,12.333333333333334,0.8745236959771834,True,Medium,High,0.25889545495770705,0.741104545042293
School558,8,0.0,0.0,,0.0,23.625,0.06763977739755166,True,Low,Medium,0.07969328305818302,0.920306716941817
School559,8,0.0,0.0,,0.0,12.625,0.3992795021495751,True,Low,Medium,0.07969328305818302,0.920306716941817
School56,7,0.42857142857142855,0.3333333333333333,53.0,0.0,11.428571428571429,0.9476120476521441,True,Medium,High,0.25889545495770705,0.741104545042293
School560,2,0.5,1.0,24.0,0.0,12.5,1.4142134492360192,True,High,High,0.6510514022236058,0.3489485977763942
School561,2,1.0,0.0,53.5,0.0,0.0,0.0,True,High,High,0.6510514022236058,0.3489485977763942
School562,18,0.3333333333333333,0.16666666666666666,53.4,0.0,9.666666666666666,0.7593578519839869,True,Low,High,0.07969328305818302,0.920306716941817
School563,4,0.25,0.0,55.0,0.0,12.5,0.6803919894178714,True,Low,Medium,0.07969328305818302,0.920306716941817
School564,6,0.16666666666666666,1.0,-80.0,0.0,16.333333333333332,0.5803960721505569,True,Medium,High,0.25889545495770705,0.741104545042293
School565,5,0.2,0.0,63.0,0.0,16.6,0.5740302907004207,True,Low,Medium,0.07969328305818302,0.920306716941817
School566,1,0.0,0.0,,0.0,5.0,0.0,True,Medium,Medium,0.25889545495770705,0.741104545042293
School567,3,0.0,0.0,,0.0,16.0,0.40983988215388234,True,Low,Medium,0.07969328305818302,0.920306716941817
School568,2,0.0,0.0,,0.5,10.5,1.2795264345731399,True,High,Low,0.6510514022236058,0.3489485977763942
School569,24,0.041666666666666664,0.0,,0.0,19.375,0.31882241080749896,True,Low,Medium,0.07969328305818302,0.920306716941817
School57,3,0.0,0.0,,0.0,27.333333333333332,0.12848357765124396,True,Low,Medium,0.07969328305818302,0.920306716941817
School570,2,1.0,0.5,44.5,0.0,0.0,0.0,True,High,High,0.6510514022236058,0.3489485977763942
School571,2,0.0,0.0,,0.0,24.0,0.058925562643647185,True,Low,Medium,0.07969328305818302,0.920306716941817
School572,4,1.0,0.5,5.5,0.0,0.0,0.0,True,High,High,0.6510514022236058,0.3489485977763942
School573,11,0.09090909090909091,0.0,,0.0,20.181818181818183,0.3944207328164094,True,Low,Medium,0.07969328305818302,0.920306716941817
School574,2,1.0,1.0,-80.5,0.0,0.0,0.0,True,High,High,0.6510514022236058,0.3489485977763942
School575,12,0.08333333333333333,1.0,25.0,0.0,15.416666666666666,0.4889046869111369,True,Medium,High,0.25889545495770705,0.741104545042293
School576,8,0.375,0.6666666666666666,18.5,0.0,14.25,0.7261425797157631,True,Medium,High,0.25889545495770705,0.741104545042293
School577,18,0.16666666666666666,0.0,110.0,0.0,15.61111111111111,0.5360013202626844,True,Low,Medium,0.07969328305818302,0.920306716941817
School578,7,0.2857142857142857,1.0,18.5,0.2857142857142857,4.857142857142857,0.916338748247742,True,High,High,0.6510514022236058,0.3489485977763942
School579,10,0.0,0.0,,0.0,22.8,0.1903955541767997,True,Low,Medium,0.07969328305818302,0.920306716941817
School58,13,0.3076923076923077,0.5,50.0,0.0,14.0,0.8096988027897023,True,Medium,High,0.25889545495770705,0.741104545042293
School580,5,0.2,0.0,63.0,0.0,15.6,0.6306857993790561,True,Low,Medium,0.07969328305818302,0.920306716941817
School581,2,1.0,0.0,156.5,0.0,0.0,0.0,True,High,High,0.6510514022236058,0.3489485977763942
School582,17,0.0,0.0,,0.11764705882352941,16.764705882352942,0.4871225391229436,True,Low,Medium,0.07969328305818302,0.920306716941817
School583,10,0.1,0.0,99.0,0.1,14.4,0.6678551185049986,True,Low,Medium,0.07969328305818302,0.920306716941817
School584,1,0.0,0.0,,0.0,12.0,0.0,True,Low,Medium,0.07969328305818302,0.920306716941817
School585,4,1.0,0.5,57.0,0.0,0.0,0.0,True,High,High,0.6510514022236058,0.3489485977763942
School586,4,0.0,0.0,,0.0,18.0,0.46036304459672167,True,Low,Medium,0.07969328305818302,0.920306716941817
School587,2,0.0,0.0,,1.0,2.5,0.8485277980127377,True,High,Low,0.6510514022236058,0.3489485977763942
School588,9,0.0,0.0,,0.1111111111111111,10.0,0.34278269574178266,True,Low,Medium,0.07969328305818302,0.920306716941817
School589,10,0.0,0.0,,0.0,15.1,0.23247033545495824,True,Low,Medium,0.07969328305818302,0.920306716941817
School59,12,0.5,0.0,62.0,0.0,12.833333333333334,0.8839845038104667,True,Low,High,0.07969328305818302,0.920306716941817
School590,30,0.13333333333333333,0.0,118.5,0.06666666666666667,10.966666666666667,0.5525789356130554,True,Low,Medium,0.07969328305818302,0.920306716941817
School591,14,0.42857142857142855,0.0,89.0,0.21428571428571427,4.214285714285714,0.7961798941483968,True,Medium,High,0.25889545495770705,0.741104545042293
School592,2,0.0,0.0,,0.0,13.5,0.2618913810401005,True,Low,Medium,0.07969328305818302,0.920306716941817
School593,1,0.0,0.0,,1.0,1.0,0.0,True,High,Low,0.6510514022236058,0.3489485977763942
School594,2,1.0,1.0,-80.5,0.0,0.0,0.0,True,High,High,0.6510514022236058,0.3489485977763942
School595,3,0.3333333333333333,0.0,301.0,0.0,4.0,0.9013875935190989,True,High,High,0.6510514022236058,0.3489485977763942
School596,18,0.1111111111111111,0.0,198.5,0.0,14.944444444444445,0.4816926237094175,True,Low,Medium,0.07969328305818302,0.920306716941817
School597,2,0.0,0.0,,1.0,4.0,0.0,True,High,Low,0.6510514022236058,0.3489485977763942
School598,9,0.0,0.0,,0.0,11.666666666666666,0.3030457373903144,True,Low,Medium,0.07969328305818302,0.920306716941817
School599,1,0.0,0.0,,0.0,6.0,0.0,True,Medium,Medium,0.25889545495770705,0.741104545042293
School6,29,0.034482758620689655,0.0,81.0,0.0,19.17241379310345,0.32664244251714986,True,Low,Medium,0.07969328305818302,0.920306716941817
School60,31,0.22580645161290322,0.0,80.66666666666667,0.0,15.903225806451612,0.6557576042650298,True,Low,Medium,0.07969328305818302,0.920306716941817
School600,2,0.0,0.0,,0.5,9.5,1.11648427382252,True,High,Low,0.6510514022236058,0.3489485977763942
School601,1,0.0,0.0,,1.0,3.0,0.0,True,High,Low,0.6510514022236058,0.3489485977763942
School602,2,0.0,0.0,,0.0,12.5,0.5091168417249669,True,Low,Medium,0.07969328305818302,0.920306716941817
School603,4,0.0,0.0,,0.0,19.0,0.8119604109779527,True,Low,Medium,0.07969328305818302,0.920306716941817
School604,1,0.0,0.0,,0.0,9.0,0.0,True,Low,Medium,0.07969328305818302,0.920306716941817
School605,2,1.0,0.0,48.0,0.0,11.0,1.4142134338082375,True,High,High,0.6510514022236058,0.3489485977763942
School606,9,0.5555555555555556,0.0,138.6,0.0,9.88888888888889,1.206557832759013,True,Medium,High,0.25889545495770705,0.741104545042293
School607,2,0.0,0.0,,0.0,14.5,0.04876598154624594,True,Low,Medium,0.07969328305818302,0.920306716941817
School608,8,0.625,0.2,35.25,0.0,5.75,1.3811740616367858,True,High,High,0.6510514022236058,0.3489485977763942
School609,10,0.4,0.5,41.75,0.1,6.1,1.046701134644484,True,High,High,0.6510514022236058,0.3489485977763942
School61,2,0.0,0.0,,0.0,19.5,0.036261884355110935,True,Low,Medium,0.07969328305818302,0.920306716941817
School610,2,0.5,0.0,56.0,0.0,5.0,1.4142132795304392,True,High,High,0.6510514022236058,0.3489485977763942
School611,10,0.0,0.0,,0.0,19.7,0.2357356497172173,True,Low,Medium,0.07969328305818302,0.920306716941817
School612,5,0.0,0.0,,0.0,16.0,0.28298076788049625,True,Low,Medium,0.07969328305818302,0.920306716941817
School613,2,0.0,0.0,,0.0,20.5,0.10347903610149299,True,Low,Medium,0.07969328305818302,0.920306716941817
School614,18,0.2222222222222222,0.75,30.75,0.0,18.666666666666668,0.5891424261977123,True,Medium,High,0.25889545495770705,0.741104545042293
School615,6,0.16666666666666666,1.0,12.0,0.0,10.666666666666666,0.8727649209138476,True,Medium,High,0.25889545495770705,0.741104545042293
School616,5,0.0,0.0,,0.0,17.6,0.19926905591369207,True,Low,Medium,0.07969328305818302,0.920306716941817
School617,1,1.0,1.0,18.0,0.0,0.0,0.0,True,High,High,0.6510514022236058,0.3489485977763942
School618,1,0.0,0.0,,0.0,25.0,0.0,True,Low,Medium,0.07969328305818302,0.920306716941817
School619,6,0.5,0.0,39.0,0.0,20.5,0.5429774216828333,True,Low,Medium,0.07969328305818302,0.920306716941817
School62,1,0.0,0.0,,0.0,8.0,0.0,True,Low,Medium,0.07969328305818302,0.920306716941817
School620,4,0.25,0.0,,0.0,9.0,0.7200822198139601,True,Low,Medium,0.07969328305818302,0.920306716941817
School621,8,0.125,0.0,111.0,0.0,15.125,0.4799490973319494,True,Low,Medium,0.07969328305818302,0.920306716941817
School622,8,0.5,0.25,65.5,0.0,8.125,1.1364995061757,True,Medium,High,0.25889545495770705,0.741104545042293
School623,5,0.2,1.0,18.0,0.0,18.0,0.5733268414971281,True,Medium,High,0.25889545495770705,0.741104545042293
School624,1,0.0,0.0,,0.0,12.0,0.0,True,Low,Medium,0.07969328305818302,0.920306716941817
School625,7,0.14285714285714285,1.0,13.0,0.14285714285714285,8.285714285714286,0.866711531780112,True,Medium,High,0.25889545495770705,0.741104545042293
School626,2,1.0,1.0,-6.5,0.0,0.0,0.0,True,High,High,0.6510514022236058,0.3489485977763942
School627,2,0.5,0.0,60.0,0.0,8.5,1.4142133959950485,True,Medium,High,0.25889545495770705,0.741104545042293
School628,19,0.05263157894736842,0.0,,0.0,20.42105263157895,0.31453741115325745,True,Low,Medium,0.07969328305818302,0.920306716941817
School629,4,0.75,0.6666666666666666,49.0,0.0,3.0,1.9999993333335555,True,High,High,0.6510514022236058,0.3489485977763942
School63,5,0.2,0.0,,0.0,11.6,0.19846316277423318,True,Low,Medium,0.07969328305818302,0.920306716941817
School630,10,0.0,0.0,,0.1,11.7,0.3737517902458896,True,Low,Medium,0.07969328305818302,0.920306716941817
School631,4,0.0,0.0,,0.0,17.25,0.6832632341388325,True,Low,Medium,0.07969328305818302,0.920306716941817
School632,11,0.09090909090909091,0.0,,0.0,11.727272727272727,0.685457140374416,True,Low,Medium,0.07969328305818302,0.920306716941817
School633,8,0.375,0.3333333333333333,4.5,0.0,11.875,0.8791116120193176,True,Low,High,0.07969328305818302,0.920306716941817
School634,2,1.0,1.0,18.5,0.0,0.0,0.0,True,High,High,0.6510514022236058,0.3489485977763942
School635,1,0.0,0.0,,1.0,3.0,0.0,True,High,Low,0.6510514022236058,0.3489485977763942
School636,5,0.2,0.0,96.0,0.0,14.4,0.5739153354612792,True,Low,Medium,0.07969328305818302,0.920306716941817
School637,2,0.5,1.0,-50.0,0.0,7.5,1.4142133738113118,False,High,High,0.6510514022236058,0.3489485977763942
School638,1,0.0,0.0,,0.0,35.0,0.0,True,Low,Medium,0.07969328305818302,0.920306716941817
School639,6,0.0,0.0,,0.0,21.666666666666668,0.3098386533963478,True,Low,Medium,0.07969328305818302,0.920306716941817
School64,3,1.0,0.6666666666666666,5.333333333333333,0.0,0.0,0.0,True,High,High,0.6510514022236058,0.3489485977763942
School640,2,0.0,0.0,,0.5,9.0,0.7856741140212624,True,Medium,Low,0.25889545495770705,0.741104545042293
School641,1,0.0,0.0,,0.0,5.0,0.0,True,Medium,Medium,0.25889545495770705,0.741104545042293
School642,2,0.0,0.0,,0.0,7.5,0.0942808915874208,True,Medium,Medium,0.25889545495770705,0.741104545042293
School643,8,0.0,0.0,,0.0,19.5,0.34455605606832956,True,Low,Medium,0.07969328305818302,0.920306716941817
School644,2,0.0,0.0,,0.0,9.5,0.07443228492150133,True,Low,Medium,0.07969328305818302,0.920306716941817
School645,8,0.125,0.0,,0.0,13.5,0.21322158928104507,True,Low,Medium,0.07969328305818302,0.920306716941817
School646,2,0.5,0.0,,0.0,6.5,1.414213344801811,True,Medium,High,0.25889545495770705,0.741104545042293
School647,3,0.6666666666666666,1.0,-31.0,0.0,4.0,1.7320503745562834,True,High,High,0.6510514022236058,0.3489485977763942
School648,8,0.375,0.0,47.666666666666664,0.0,13.5,0.8737690507617853,True,Low,Medium,0.07969328305818302,0.920306716941817
School649,6,0.3333333333333333,0.0,191.5,0.0,13.5,0.8364139966090532,True,Low,Medium,0.07969328305818302,0.920306716941817
School65,2,0.0,0.0,,0.0,15.0,0.0,True,Low,Medium,0.07969328305818302,0.920306716941817
School650,2,0.0,0.0,,0.0,13.0,0.10878565027595731,True,Low,Medium,0.07969328305818302,0.920306716941817
School651,6,0.16666666666666666,0.0,54.0,0.3333333333333333,5.833333333333333,0.7621664910101402,True,High,Medium,0.6510514022236058,0.3489485977763942
School652,9,0.1111111111111111,0.0,171.0,0.0,18.88888888888889,0.43611803654401204,True,Low,Medium,0.07969328305818302,0.920306716941817
School653,4,0.0,0.0,,0.0,15.75,0.18959229343508102,True,Low,Medium,0.07969328305818302,0.920306716941817
School654,2,0.0,0.0,,0.0,14.5,0.24382990773122967,True,Low,Medium,0.07969328305818302,0.920306716941817
School655,1,0.0,0.0,,0.0,12.0,0.0,True,Low,Medium,0.07969328305818302,0.920306716941817
School656,5,0.2,0.0,,0.0,7.6,0.6282807797690196,True,Low,Medium,0.07969328305818302,0.920306716941817
School66,11,0.2727272727272727,0.0,67.5,0.0,12.727272727272727,0.694004885758113,True,Low,Medium,0.07969328305818302,0.920306716941817
School67,6,0.0,0.0,,0.0,13.5,0.2681031071161233,True,Low,Medium,0.07969328305818302,0.920306716941817
School68,1,0.0,0.0,,0.0,36.0,0.0,True,Low,Medium,0.07969328305818302,0.920306716941817
School69,6,0.3333333333333333,0.0,54.0,0.0,6.833333333333333,0.7930392034526268,True,Low,High,0.07969328305818302,0.920306716941817
School7,2,0.0,0.0,,0.0,24.5,0.028861500094899895,True,Low,Medium,0.07969328305818302,0.920306716941817
School70,8,0.125,1.0,17.0,0.0,17.875,0.5277221891008573,True,Medium,High,0.25889545495770705,0.741104545042293
School71,18,0.05555555555555555,0.0,118.0,0.0,15.277777777777779,0.5993987845284657,True,Low,Medium,0.07969328305818302,0.920306716941817
School72,2,0.0,0.0,,0.0,5.5,0.12856484593121847,True,Medium,Medium,0.25889545495770705,0.741104545042293
School73,2,0.5,1.0,28.0,0.0,6.5,1.414213344801811,True,High,High,0.6510514022236058,0.3489485977763942
School74,5,0.0,0.0,,0.0,23.0,0.17660952285688944,True,Low,Medium,0.07969328305818302,0.920306716941817
School75,29,0.3103448275862069,0.4444444444444444,63.833333333333336,0.06896551724137931,10.0,0.9906706693664079,True,High,High,0.6510514022236058,0.3489485977763942
School76,4,0.0,0.0,,0.0,19.75,0.4079538009566622,True,Low,Medium,0.07969328305818302,0.920306716941817
School77,6,0.5,0.0,92.5,0.0,10.0,1.1401753110816069,True,Medium,High,0.25889545495770705,0.741104545042293
School78,2,0.0,0.0,,0.0,22.0,0.1285648634627876,True,Low,Medium,0.07969328305818302,0.920306716941817
School79,6,0.0,0.0,,0.0,23.666666666666668,0.18255606829785234,True,Low,Medium,0.07969328305818302,0.920306716941817
School8,3,0.0,0.0,,0.0,12.666666666666666,0.4625893274599728,True,Low,Medium,0.07969328305818302,0.920306716941817
School80,5,0.0,0.0,,0.0,11.4,0.4498554484322619,True,Low,Medium,0.07969328305818302,0.920306716941817
School81,6,0.0,0.0,,0.0,18.333333333333332,0.10155810386969574,True,Low,Medium,0.07969328305818302,0.920306716941817
School82,1,0.0,0.0,,0.0,23.0,0.0,True,Low,Medium,0.07969328305818302,0.920306716941817
School83,19,0.2631578947368421,0.4,32.6,0.0,10.736842105263158,0.674373482606029,True,Medium,High,0.25889545495770705,0.741104545042293
School84,21,0.0,0.0,,0.09523809523809523,14.333333333333334,0.5156815793564508,True,Low,Medium,0.07969328305818302,0.920306716941817
School85,2,0.5,0.0,,0.0,15.5,0.8667759984366713,True,Medium,Medium,0.25889545495770705,0.741104545042293
School86,7,0.14285714285714285,0.0,53.0,0.0,19.142857142857142,0.4528319601140936,True,Low,Medium,0.07969328305818302,0.920306716941817
School87,6,0.0,0.0,,0.0,21.0,0.17036707588726607,True,Low,Medium,0.07969328305818302,0.920306716941817
School88,13,0.07692307692307693,0.0,,0.23076923076923078,14.538461538461538,0.6898998384032536,True,Low,Medium,0.07969328305818302,0.920306716941817
School89,5,0.2,0.0,62.0,0.0,17.8,0.5857263274975486,True,Low,Medium,0.07969328305818302,0.920306716941817
School9,22,0.09090909090909091,0.5,71.0,0.0,22.818181818181817,0.501803762956662,True,Medium,Medium,0.25889545495770705,0.741104545042293
School90,1,1.0,0.0,31.0,0.0,0.0,0.0,True,High,High,0.6510514022236058,0.3489485977763942
School91,20,0.3,0.5,27.75,0.15,8.05,0.8916769096879232,True,Medium,High,0.25889545495770705,0.741104545042293
School92,5,0.8,1.0,-80.25,0.0,1.6,2.236066579958177,True,High,High,0.6510514022236058,0.3489485977763942
School93,8,0.0,0.0,,0.0,19.75,0.21267543846112288,True,Low,Medium,0.07969328305818302,0.920306716941817
School94,2,0.0,0.0,,0.0,22.5,0.15713483327990685,True,Low,Medium,0.07969328305818302,0.920306716941817
School95,19,0.05263157894736842,0.0,,0.0,18.157894736842106,0.40020296503247677,True,Low,Medium,0.07969328305818302,0.920306716941817
School96,1,0.0,0.0,,0.0,20.0,0.0,True,Low,Medium,0.07969328305818302,0.920306716941817
School97,5,0.0,0.0,,0.0,14.2,0.408814767652481,True,Low,Medium,0.07969328305818302,0.920306716941817
School98,10,0.2,0.0,55.5,0.0,14.5,0.6127633110858333,True,Low,Medium,0.07969328305818302,0.920306716941817
School99,4,0.25,1.0,12.0,0.5,3.75,0.8810765473395433,True,High,High,0.6510514022236058,0.3489485977763942
